timestamp,city,cell_id,latitude,longitude,throughput_mbps,latency_ms,packet_loss_pct,rsrp_dbm,users_connected
2025-12-04 15:48:00,Hyderabad,HYD_C2,17.45,78.38,154.21,22.66,0.266,-84.5,41
2025-12-04 15:48:30,Hyderabad,HYD_C2,17.45,78.38,166.99,25.55,0.313,-82.0,44
2025-12-04 15:49:00,Hyderabad,HYD_C2,17.45,78.38,156.92,20.53,0.339,-86.2,42
2025-12-04 15:49:30,Hyderabad,HYD_C2,17.45,78.38,170.65,24.42,0.2,-86.1,72
2025-12-04 15:50:00,Hyderabad,HYD_C2,17.45,78.38,170.54,21.04,0.335,-82.8,69
2025-12-04 15:50:30,Hyderabad,HYD_C2,17.45,78.38,145.8,23.98,0.238,-87.7,53
2025-12-04 15:51:00,Hyderabad,HYD_C2,17.45,78.38,151.84,20.95,0.23,-87.4,101
2025-12-04 15:51:30,Hyderabad,HYD_C2,17.45,78.38,165.38,21.69,0.095,-79.4,63
2025-12-04 15:52:00,Hyderabad,HYD_C2,17.45,78.38,141.02,22.32,0.324,-84.1,56
2025-12-04 15:52:30,Hyderabad,HYD_C2,17.45,78.38,134.51,19.9,0.197,-84.4,80
2025-12-04 16:04:00,Hyderabad,HYD_C2,17.45,78.38,154.21,22.66,0.266,-84.5,41
2025-12-05 00:00:00,Hyderabad,HYD_C2,17.45,78.38,154.21,22.66,0.266,-84.5,41
2025-12-05 00:00:30,Hyderabad,HYD_C2,17.45,78.38,166.99,25.55,0.313,-82.0,44
2025-12-05 00:01:00,Hyderabad,HYD_C2,17.45,78.38,156.92,20.53,0.339,-86.2,42
2025-12-05 00:01:30,Hyderabad,HYD_C2,17.45,78.38,170.65,24.42,0.2,-86.1,72
2025-12-05 00:02:00,Hyderabad,HYD_C2,17.45,78.38,170.54,21.04,0.335,-82.8,69
2025-12-05 00:02:30,Hyderabad,HYD_C2,17.45,78.38,145.8,23.98,0.238,-87.7,53
2025-12-05 19:55:00,Hyderabad,HYD_C2,17.45,78.38,84.21,82.66,1.466,-84.5,121
2025-12-05 19:55:30,Hyderabad,HYD_C2,17.45,78.38,96.99,85.55,1.513,-82.0,124
2025-12-05 19:56:00,Hyderabad,HYD_C2,17.45,78.38,86.92,80.53,1.539,-86.2,122
2025-12-05 19:56:30,Hyderabad,HYD_C2,17.45,78.38,100.65,84.42,1.4,-86.1,152
2025-12-05 19:57:00,Hyderabad,HYD_C2,17.45,78.38,100.54,81.04,1.535,-82.8,149
2025-12-05 19:57:30,Hyderabad,HYD_C2,17.45,78.38,75.8,83.98,1.438,-87.7,133
2025-12-05 19:58:00,Hyderabad,HYD_C2,17.45,78.38,81.84,80.95,1.43,-87.4,181
2025-12-05 19:58:30,Hyderabad,HYD_C2,17.45,78.38,95.38,81.69,1.295,-79.4,143
2025-12-05 19:59:00,Hyderabad,HYD_C2,17.45,78.38,71.02,82.32,1.524,-84.1,136
2025-12-05 19:59:30,Hyderabad,HYD_C2,17.45,78.38,64.51,79.9,1.397,-84.4,160
2025-12-05 20:00:00,Hyderabad,HYD_C2,17.45,78.38,104.15,82.27,1.594,-78.0,176
2025-12-05 20:00:30,Hyderabad,HYD_C2,17.45,78.38,85.5,78.73,1.406,-86.1,166
2025-12-05 20:01:00,Hyderabad,HYD_C2,17.45,78.38,101.11,89.64,1.352,-82.7,141
2025-12-05 20:01:30,Hyderabad,HYD_C2,17.45,78.38,95.42,84.58,1.498,-85.6,128
2025-12-05 20:02:00,Hyderabad,HYD_C2,17.45,78.38,108.12,83.61,1.426,-81.7,157
2025-12-05 20:02:30,Hyderabad,HYD_C2,17.45,78.38,82.47,80.02,1.479,-86.6,120
2025-12-05 20:03:00,Hyderabad,HYD_C2,17.45,78.38,70.19,84.8,1.466,-77.7,157
2025-12-05 20:03:30,Hyderabad,HYD_C2,17.45,78.38,86.05,81.61,1.417,-80.9,128
2025-12-05 20:04:00,Hyderabad,HYD_C2,17.45,78.38,114.98,80.78,1.457,-84.3,152
2025-12-05 20:04:30,Hyderabad,HYD_C2,17.45,78.38,106.28,71.15,1.544,-79.8,143
2025-12-05 20:05:00,Hyderabad,HYD_C2,17.45,78.38,96.76,75.87,1.508,-84.2,144
2025-12-05 20:05:30,Hyderabad,HYD_C2,17.45,78.38,83.79,82.9,1.449,-80.2,181
2025-12-05 20:06:00,Hyderabad,HYD_C2,17.45,78.38,87.19,89.39,1.409,-77.4,171
2025-12-05 20:06:30,Hyderabad,HYD_C2,17.45,78.38,88.06,76.63,1.35,-82.6,128
2025-12-05 20:07:00,Hyderabad,HYD_C2,17.45,78.38,92.53,85.52,1.553,-78.9,160
2025-12-05 20:07:30,Hyderabad,HYD_C2,17.45,78.38,106.61,85.03,1.452,-78.7,169
2025-12-05 20:08:00,Hyderabad,HYD_C2,17.45,78.38,66.98,79.37,1.587,-87.4,120
2025-12-05 20:08:30,Hyderabad,HYD_C2,17.45,78.38,88.77,81.89,1.497,-87.1,166
2025-12-05 20:09:00,Hyderabad,HYD_C2,17.45,78.38,97.47,82.23,1.456,-89.7,163
2025-12-05 20:09:30,Hyderabad,HYD_C2,17.45,78.38,104.47,83.54,1.43,-83.4,128
2025-12-05 20:10:00,Hyderabad,HYD_C2,17.45,78.38,83.02,77.94,1.405,-89.9,187
2025-12-05 20:10:30,Hyderabad,HYD_C2,17.45,78.38,71.56,77.24,1.454,-91.4,186
2025-12-05 20:11:00,Hyderabad,HYD_C2,17.45,78.38,98.71,80.16,1.334,-80.0,150
2025-12-05 20:11:30,Hyderabad,HYD_C2,17.45,78.38,81.76,80.17,1.501,-90.0,171
2025-12-05 20:12:00,Hyderabad,HYD_C2,17.45,78.38,101.95,78.97,1.35,-79.0,169
2025-12-05 20:12:30,Hyderabad,HYD_C2,17.45,78.38,103.5,78.8,1.471,-91.9,132
2025-12-05 20:13:00,Hyderabad,HYD_C2,17.45,78.38,84.55,78.72,1.393,-93.4,139
2025-12-05 20:13:30,Hyderabad,HYD_C2,17.45,78.38,103.77,80.78,1.534,-92.7,135
2025-12-05 20:14:00,Hyderabad,HYD_C2,17.45,78.38,90.8,84.06,1.341,-87.1,176
2025-12-05 20:14:30,Hyderabad,HYD_C2,17.45,78.38,91.47,88.5,1.473,-86.0,133
2025-12-05 20:15:00,Hyderabad,HYD_C2,17.45,78.38,92.3,82.96,1.486,-85.0,182
2025-12-05 20:15:30,Hyderabad,HYD_C2,17.45,78.38,84.28,84.67,1.428,-87.7,147
2025-12-05 20:16:00,Hyderabad,HYD_C2,17.45,78.38,70.72,85.12,1.524,-88.5,187
2025-12-05 20:16:30,Hyderabad,HYD_C2,17.45,78.38,74.54,71.47,1.517,-75.5,168
2025-12-05 20:17:00,Hyderabad,HYD_C2,17.45,78.38,88.82,82.08,1.5,-84.1,158
2025-12-05 20:17:30,Hyderabad,HYD_C2,17.45,78.38,76.73,81.14,1.428,-81.9,139
2025-12-05 20:18:00,Hyderabad,HYD_C2,17.45,78.38,87.37,86.91,1.376,-88.5,170
2025-12-05 20:18:30,Hyderabad,HYD_C2,17.45,78.38,68.22,89.75,1.502,-84.3,170
2025-12-05 20:19:00,Hyderabad,HYD_C2,17.45,78.38,101.54,77.49,1.598,-81.9,164
2025-12-05 20:19:30,Hyderabad,HYD_C2,17.45,78.38,89.69,74.92,1.401,-86.6,168
2025-12-05 20:20:00,Hyderabad,HYD_C2,17.45,78.38,93.46,78.66,1.43,-83.7,132
2025-12-05 20:20:30,Hyderabad,HYD_C2,17.45,78.38,102.64,79.11,1.458,-78.8,177
2025-12-05 20:21:00,Hyderabad,HYD_C2,17.45,78.38,97.66,81.05,1.432,-92.3,166
2025-12-05 20:21:30,Hyderabad,HYD_C2,17.45,78.38,107.83,81.12,1.471,-80.8,156
2025-12-05 20:22:00,Hyderabad,HYD_C2,17.45,78.38,83.39,77.9,1.424,-83.2,187
2025-12-05 20:22:30,Hyderabad,HYD_C2,17.45,78.38,107.97,79.98,1.328,-84.5,129
2025-12-05 20:23:00,Hyderabad,HYD_C2,17.45,78.38,87.83,74.21,1.479,-86.2,139
2025-12-05 20:23:30,Hyderabad,HYD_C2,17.45,78.38,91.36,78.24,1.453,-83.5,160
2025-12-05 20:24:00,Hyderabad,HYD_C2,17.45,78.38,96.78,77.92,1.448,-85.7,154
2025-12-05 20:24:30,Hyderabad,HYD_C2,17.45,78.38,80.57,76.48,1.471,-82.1,175
2025-12-05 20:25:00,Hyderabad,HYD_C2,17.45,78.38,76.25,76.55,1.5,-85.0,180
2025-12-05 20:25:30,Hyderabad,HYD_C2,17.45,78.38,96.44,83.47,1.391,-78.1,184
2025-12-05 20:26:00,Hyderabad,HYD_C2,17.45,78.38,79.24,79.31,1.448,-87.4,176
2025-12-05 20:26:30,Hyderabad,HYD_C2,17.45,78.38,96.36,83.65,1.561,-84.0,161
2025-12-05 20:27:00,Hyderabad,HYD_C2,17.45,78.38,101.76,83.42,1.425,-79.3,178
2025-12-05 20:27:30,Hyderabad,HYD_C2,17.45,78.38,108.2,87.4,1.274,-90.4,169
2025-12-05 20:28:00,Hyderabad,HYD_C2,17.45,78.38,93.98,85.2,1.48,-86.4,175
2025-12-05 20:28:30,Hyderabad,HYD_C2,17.45,78.38,66.98,81.4,1.545,-83.9,188
2025-12-05 20:29:00,Hyderabad,HYD_C2,17.45,78.38,75.2,84.64,1.303,-81.5,151
2025-12-05 20:29:30,Hyderabad,HYD_C2,17.45,78.38,100.37,88.08,1.456,-78.6,149
2025-12-05 20:30:00,Hyderabad,HYD_C2,17.45,78.38,110.39,86.31,1.407,-88.7,157
2025-12-05 20:30:30,Hyderabad,HYD_C2,17.45,78.38,77.64,81.85,1.472,-84.5,171
2025-12-05 20:31:00,Hyderabad,HYD_C2,17.45,78.38,94.99,78.81,1.469,-83.2,141
2025-12-05 20:31:30,Hyderabad,HYD_C2,17.45,78.38,103.91,80.65,1.48,-80.2,136
2025-12-05 20:32:00,Hyderabad,HYD_C2,17.45,78.38,108.09,79.23,1.542,-89.7,189
2025-12-05 20:32:30,Hyderabad,HYD_C2,17.45,78.38,90.69,79.14,1.559,-83.4,182
2025-12-05 20:33:00,Hyderabad,HYD_C2,17.45,78.38,74.83,77.63,1.51,-83.6,176
2025-12-05 20:33:30,Hyderabad,HYD_C2,17.45,78.38,99.14,76.96,1.425,-86.1,146
2025-12-05 20:34:00,Hyderabad,HYD_C2,17.45,78.38,104.24,87.75,1.433,-84.8,189
2025-12-05 20:34:30,Hyderabad,HYD_C2,17.45,78.38,100.11,86.83,1.463,-89.0,139
2025-12-05 20:35:00,Hyderabad,HYD_C2,17.45,78.38,91.15,83.4,1.464,-83.0,130
2025-12-05 20:35:30,Hyderabad,HYD_C2,17.45,78.38,92.22,87.56,1.459,-88.2,137
2025-12-05 20:36:00,Hyderabad,HYD_C2,17.45,78.38,86.82,76.55,1.405,-88.3,141
2025-12-05 20:36:30,Hyderabad,HYD_C2,17.45,78.38,101.73,73.58,1.531,-79.5,146
2025-12-05 20:37:00,Hyderabad,HYD_C2,17.45,78.38,91.99,79.8,1.329,-77.5,144
2025-12-05 20:37:30,Hyderabad,HYD_C2,17.45,78.38,100.23,90.48,1.491,-95.0,181
2025-12-05 20:38:00,Hyderabad,HYD_C2,17.45,78.38,85.23,80.74,1.351,-80.7,128
2025-12-05 20:38:30,Hyderabad,HYD_C2,17.45,78.38,84.04,81.27,1.381,-85.1,161
2025-12-05 20:39:00,Hyderabad,HYD_C2,17.45,78.38,119.82,83.06,1.539,-85.6,122
2025-12-05 20:39:30,Hyderabad,HYD_C2,17.45,78.38,70.14,80.86,1.456,-78.4,125
2025-12-05 20:40:00,Hyderabad,HYD_C2,17.45,78.38,85.01,84.59,1.53,-84.6,166
2025-12-05 20:40:30,Hyderabad,HYD_C2,17.45,78.38,73.34,75.6,1.365,-84.4,138
2025-12-05 20:41:00,Hyderabad,HYD_C2,17.45,78.38,84.68,86.73,1.431,-86.3,182
2025-12-05 20:41:30,Hyderabad,HYD_C2,17.45,78.38,81.13,86.77,1.517,-84.0,128
2025-12-05 20:42:00,Hyderabad,HYD_C2,17.45,78.38,117.17,84.73,1.53,-80.0,140
2025-12-05 20:42:30,Hyderabad,HYD_C2,17.45,78.38,76.96,78.42,1.384,-82.6,153
2025-12-05 20:43:00,Hyderabad,HYD_C2,17.45,78.38,109.72,83.44,1.39,-85.1,140
2025-12-05 20:43:30,Hyderabad,HYD_C2,17.45,78.38,70.61,83.2,1.515,-86.7,177
2025-12-05 20:44:00,Hyderabad,HYD_C2,17.45,78.38,79.09,83.16,1.406,-96.6,177
2025-12-05 20:44:30,Hyderabad,HYD_C2,17.45,78.38,100.7,82.02,1.493,-78.4,134
2025-12-05 20:45:00,Hyderabad,HYD_C2,17.45,78.38,68.35,80.52,1.382,-84.4,181
2025-12-05 20:45:30,Hyderabad,HYD_C2,17.45,78.38,93.89,74.78,1.283,-81.6,164
2025-12-05 20:46:00,Hyderabad,HYD_C2,17.45,78.38,67.35,79.61,1.587,-83.9,142
2025-12-05 20:46:30,Hyderabad,HYD_C2,17.45,78.38,76.35,78.43,1.557,-84.9,187
2025-12-05 20:47:00,Hyderabad,HYD_C2,17.45,78.38,68.35,83.93,1.364,-85.7,142
2025-12-05 20:47:30,Hyderabad,HYD_C2,17.45,78.38,73.23,86.89,1.472,-85.7,177
2025-12-05 20:48:00,Hyderabad,HYD_C2,17.45,78.38,81.19,73.92,1.366,-80.1,182
2025-12-05 20:48:30,Hyderabad,HYD_C2,17.45,78.38,89.43,80.65,1.494,-87.5,174
2025-12-05 20:49:00,Hyderabad,HYD_C2,17.45,78.38,106.16,76.96,1.588,-83.3,163
2025-12-05 20:49:30,Hyderabad,HYD_C2,17.45,78.38,90.07,85.43,1.422,-83.7,150
2025-12-05 20:50:00,Hyderabad,HYD_C2,17.45,78.38,94.03,81.18,1.477,-89.2,171
2025-12-05 20:50:30,Hyderabad,HYD_C2,17.45,78.38,70.6,81.08,1.433,-82.5,125
2025-12-05 20:51:00,Hyderabad,HYD_C2,17.45,78.38,89.01,82.97,1.517,-82.9,145
2025-12-05 20:51:30,Hyderabad,HYD_C2,17.45,78.38,93.47,78.4,1.494,-83.4,169
2025-12-05 20:52:00,Hyderabad,HYD_C2,17.45,78.38,85.93,86.67,1.443,-93.4,136
2025-12-05 20:52:30,Hyderabad,HYD_C2,17.45,78.38,98.16,81.2,1.33,-83.7,145
2025-12-05 20:53:00,Hyderabad,HYD_C2,17.45,78.38,96.59,83.3,1.444,-87.8,154
2025-12-05 20:53:30,Hyderabad,HYD_C2,17.45,78.38,122.31,85.31,1.368,-91.9,158
2025-12-05 20:54:00,Hyderabad,HYD_C2,17.45,78.38,94.67,82.0,1.43,-87.4,121
2025-12-05 20:54:30,Hyderabad,HYD_C2,17.45,78.38,93.28,76.61,1.411,-86.0,125
2025-12-05 20:55:00,Hyderabad,HYD_C2,17.45,78.38,117.33,77.06,1.378,-86.8,152
2025-12-05 20:55:30,Hyderabad,HYD_C2,17.45,78.38,98.87,85.46,1.404,-81.6,162
2025-12-05 20:56:00,Hyderabad,HYD_C2,17.45,78.38,92.98,82.31,1.478,-84.2,136
2025-12-05 20:56:30,Hyderabad,HYD_C2,17.45,78.38,92.3,86.79,1.506,-89.7,148
2025-12-05 20:57:00,Hyderabad,HYD_C2,17.45,78.38,78.16,78.64,1.375,-86.9,186
2025-12-05 20:57:30,Hyderabad,HYD_C2,17.45,78.38,108.98,80.76,1.448,-79.2,186
2025-12-05 20:58:00,Hyderabad,HYD_C2,17.45,78.38,82.31,84.64,1.522,-82.6,151
2025-12-05 20:58:30,Hyderabad,HYD_C2,17.45,78.38,101.7,83.54,1.489,-83.6,128
2025-12-05 20:59:00,Hyderabad,HYD_C2,17.45,78.38,89.44,82.46,1.454,-88.7,132
2025-12-05 20:59:30,Hyderabad,HYD_C2,17.45,78.38,100.45,88.46,1.451,-88.9,149
2025-12-05 21:00:00,Hyderabad,HYD_C2,17.45,78.38,84.06,86.86,1.364,-78.9,171
2025-12-05 21:00:30,Hyderabad,HYD_C2,17.45,78.38,90.99,82.15,1.283,-82.0,178
2025-12-05 21:01:00,Hyderabad,HYD_C2,17.45,78.38,169.0,18.6,0.306,-86.7,52
2025-12-05 21:01:30,Hyderabad,HYD_C2,17.45,78.38,161.7,21.66,0.227,-84.9,62
2025-12-05 21:02:00,Hyderabad,HYD_C2,17.45,78.38,178.02,21.83,0.195,-84.4,72
2025-12-05 21:02:30,Hyderabad,HYD_C2,17.45,78.38,162.99,21.95,0.201,-82.4,68
2025-12-05 21:03:00,Hyderabad,HYD_C2,17.45,78.38,152.91,21.7,0.109,-82.8,99
2025-12-05 21:03:30,Hyderabad,HYD_C2,17.45,78.38,161.39,21.78,0.284,-82.0,45
2025-12-05 21:04:00,Hyderabad,HYD_C2,17.45,78.38,163.62,27.91,0.266,-87.1,84
2025-12-05 21:04:30,Hyderabad,HYD_C2,17.45,78.38,146.56,26.28,0.178,-83.5,93
2025-12-05 21:05:00,Hyderabad,HYD_C2,17.45,78.38,175.25,18.08,0.137,-83.5,60
2025-12-05 21:05:30,Hyderabad,HYD_C2,17.45,78.38,167.75,17.6,0.338,-84.4,72
2025-12-05 21:06:00,Hyderabad,HYD_C2,17.45,78.38,174.01,22.01,0.133,-84.2,66
2025-12-05 21:06:30,Hyderabad,HYD_C2,17.45,78.38,162.81,22.92,0.279,-83.8,80
2025-12-05 21:07:00,Hyderabad,HYD_C2,17.45,78.38,171.45,26.87,0.404,-86.4,46
2025-12-05 21:07:30,Hyderabad,HYD_C2,17.45,78.38,159.89,21.11,0.202,-92.5,85
2025-12-05 21:08:00,Hyderabad,HYD_C2,17.45,78.38,171.4,27.09,0.149,-81.7,94
2025-12-05 21:08:30,Hyderabad,HYD_C2,17.45,78.38,136.73,25.56,0.158,-92.1,93
2025-12-05 21:09:00,Hyderabad,HYD_C2,17.45,78.38,187.5,29.47,0.169,-78.7,43
2025-12-05 21:09:30,Hyderabad,HYD_C2,17.45,78.38,146.27,17.47,0.193,-83.9,79
2025-12-05 21:10:00,Hyderabad,HYD_C2,17.45,78.38,156.18,16.18,0.297,-82.3,74
2025-12-05 21:10:30,Hyderabad,HYD_C2,17.45,78.38,164.97,24.1,0.307,-87.4,66
2025-12-05 21:11:00,Hyderabad,HYD_C2,17.45,78.38,157.94,26.39,0.275,-84.7,42
2025-12-05 21:11:30,Hyderabad,HYD_C2,17.45,78.38,165.92,21.45,0.234,-82.8,98
2025-12-05 21:12:00,Hyderabad,HYD_C2,17.45,78.38,135.15,25.97,0.45,-83.8,51
2025-12-05 21:12:30,Hyderabad,HYD_C2,17.45,78.38,145.32,27.7,0.359,-81.5,93
2025-12-05 21:13:00,Hyderabad,HYD_C2,17.45,78.38,146.78,21.94,0.181,-82.4,76
2025-12-05 21:13:30,Hyderabad,HYD_C2,17.45,78.38,166.17,28.2,0.17,-86.6,66
2025-12-05 21:14:00,Hyderabad,HYD_C2,17.45,78.38,155.28,18.95,0.197,-86.6,93
2025-12-05 21:14:30,Hyderabad,HYD_C2,17.45,78.38,156.22,23.07,0.3,-85.2,66
2025-12-05 21:15:00,Hyderabad,HYD_C2,17.45,78.38,153.32,18.65,0.323,-82.9,69
2025-12-05 21:15:30,Hyderabad,HYD_C2,17.45,78.38,155.69,23.21,0.297,-82.5,54
2025-12-05 21:16:00,Hyderabad,HYD_C2,17.45,78.38,164.79,22.14,0.267,-79.6,49
2025-12-05 21:16:30,Hyderabad,HYD_C2,17.45,78.38,154.7,22.09,0.208,-85.7,49
2025-12-05 21:17:00,Hyderabad,HYD_C2,17.45,78.38,160.3,19.31,0.167,-84.9,106
2025-12-05 21:17:30,Hyderabad,HYD_C2,17.45,78.38,115.64,22.3,0.283,-87.4,83
2025-12-05 21:18:00,Hyderabad,HYD_C2,17.45,78.38,160.62,16.56,0.253,-87.9,52
2025-12-05 21:18:30,Hyderabad,HYD_C2,17.45,78.38,154.58,18.18,0.248,-85.4,87
2025-12-05 21:19:00,Hyderabad,HYD_C2,17.45,78.38,169.14,24.92,0.15,-83.8,54
2025-12-05 21:19:30,Hyderabad,HYD_C2,17.45,78.38,176.21,31.95,0.17,-86.3,108
2025-12-05 21:20:00,Hyderabad,HYD_C2,17.45,78.38,167.11,22.4,0.223,-82.9,101
2025-12-05 21:20:30,Hyderabad,HYD_C2,17.45,78.38,156.52,10.74,0.313,-89.2,51
2025-12-05 21:21:00,Hyderabad,HYD_C2,17.45,78.38,159.31,21.8,0.261,-82.4,88
2025-12-05 21:21:30,Hyderabad,HYD_C2,17.45,78.38,143.89,19.41,0.348,-84.0,90
2025-12-05 21:22:00,Hyderabad,HYD_C2,17.45,78.38,137.46,19.1,0.288,-87.6,50
2025-12-05 21:22:30,Hyderabad,HYD_C2,17.45,78.38,150.13,16.85,0.187,-79.3,91
2025-12-05 21:23:00,Hyderabad,HYD_C2,17.45,78.38,158.11,22.29,0.208,-82.1,87
2025-12-05 21:23:30,Hyderabad,HYD_C2,17.45,78.38,162.32,21.17,0.144,-79.3,52
2025-12-05 21:24:00,Hyderabad,HYD_C2,17.45,78.38,133.05,22.78,0.384,-86.4,101
2025-12-05 21:24:30,Hyderabad,HYD_C2,17.45,78.38,159.23,15.27,0.188,-90.5,83
2025-12-05 21:25:00,Hyderabad,HYD_C2,17.45,78.38,164.36,15.12,0.225,-89.9,61
2025-12-05 21:25:30,Hyderabad,HYD_C2,17.45,78.38,149.23,19.45,0.224,-85.2,63
2025-12-05 21:26:00,Hyderabad,HYD_C2,17.45,78.38,162.63,27.19,0.126,-86.6,86
2025-12-05 21:26:30,Hyderabad,HYD_C2,17.45,78.38,157.19,21.22,0.279,-87.4,103
2025-12-05 21:27:00,Hyderabad,HYD_C2,17.45,78.38,161.06,21.44,0.215,-84.6,48
2025-12-05 21:27:30,Hyderabad,HYD_C2,17.45,78.38,139.84,16.98,0.385,-82.2,76
2025-12-05 21:28:00,Hyderabad,HYD_C2,17.45,78.38,158.22,24.0,0.231,-82.7,79
2025-12-05 21:28:30,Hyderabad,HYD_C2,17.45,78.38,158.93,19.25,0.246,-90.4,70
2025-12-05 21:29:00,Hyderabad,HYD_C2,17.45,78.38,144.92,27.16,0.228,-82.6,69
2025-12-05 21:29:30,Hyderabad,HYD_C2,17.45,78.38,152.43,28.55,0.195,-82.1,79
2025-12-05 21:30:00,Hyderabad,HYD_C2,17.45,78.38,159.6,19.99,0.238,-82.1,59
2025-12-05 21:30:30,Hyderabad,HYD_C2,17.45,78.38,142.7,25.78,0.317,-81.8,58
2025-12-05 21:31:00,Hyderabad,HYD_C2,17.45,78.38,143.51,18.72,0.102,-84.7,58
2025-12-05 21:31:30,Hyderabad,HYD_C2,17.45,78.38,162.08,20.06,0.264,-81.1,105
2025-12-05 21:32:00,Hyderabad,HYD_C2,17.45,78.38,169.49,21.91,0.126,-73.0,107
2025-12-05 21:32:30,Hyderabad,HYD_C2,17.45,78.38,147.07,23.37,0.294,-82.4,104
2025-12-05 21:33:00,Hyderabad,HYD_C2,17.45,78.38,145.3,12.54,0.384,-84.2,72
2025-12-05 21:33:30,Hyderabad,HYD_C2,17.45,78.38,152.4,14.38,0.244,-76.2,95
2025-12-05 21:34:00,Hyderabad,HYD_C2,17.45,78.38,155.47,15.2,0.315,-83.4,109
2025-12-05 21:34:30,Hyderabad,HYD_C2,17.45,78.38,157.26,22.0,0.262,-88.8,54
2025-12-05 21:35:00,Hyderabad,HYD_C2,17.45,78.38,147.49,12.56,0.311,-88.7,82
2025-12-05 21:35:30,Hyderabad,HYD_C2,17.45,78.38,166.21,19.01,0.277,-84.9,48
2025-12-05 21:36:00,Hyderabad,HYD_C2,17.45,78.38,136.28,21.74,0.11,-85.8,64
2025-12-05 21:36:30,Hyderabad,HYD_C2,17.45,78.38,160.98,26.72,0.22,-86.2,42
2025-12-05 21:37:00,Hyderabad,HYD_C2,17.45,78.38,157.83,24.49,0.236,-87.9,59
2025-12-05 21:37:30,Hyderabad,HYD_C2,17.45,78.38,161.52,19.54,0.246,-80.4,84
2025-12-05 21:38:00,Hyderabad,HYD_C2,17.45,78.38,167.46,21.18,0.176,-81.5,45
2025-12-05 21:38:30,Hyderabad,HYD_C2,17.45,78.38,164.46,18.48,0.326,-91.7,62
2025-12-05 21:39:00,Hyderabad,HYD_C2,17.45,78.38,171.66,16.82,0.167,-82.7,106
2025-12-05 21:39:30,Hyderabad,HYD_C2,17.45,78.38,159.99,20.76,0.319,-92.3,90
2025-12-05 21:40:00,Hyderabad,HYD_C2,17.45,78.38,147.86,20.69,0.318,-79.9,92
2025-12-05 21:40:30,Hyderabad,HYD_C2,17.45,78.38,148.62,18.23,0.312,-91.2,94
2025-12-05 21:41:00,Hyderabad,HYD_C2,17.45,78.38,148.2,17.81,0.349,-85.5,47
2025-12-05 21:41:30,Hyderabad,HYD_C2,17.45,78.38,163.76,20.34,0.243,-86.4,43
2025-12-05 21:42:00,Hyderabad,HYD_C2,17.45,78.38,144.67,23.5,0.264,-74.2,49
2025-12-05 21:42:30,Hyderabad,HYD_C2,17.45,78.38,162.04,21.86,0.238,-88.6,53
2025-12-05 21:43:00,Hyderabad,HYD_C2,17.45,78.38,166.67,13.87,0.218,-88.9,78
2025-12-05 21:43:30,Hyderabad,HYD_C2,17.45,78.38,158.49,13.54,0.171,-90.0,58
2025-12-05 21:44:00,Hyderabad,HYD_C2,17.45,78.38,162.78,22.99,0.212,-80.3,78
2025-12-05 21:44:30,Hyderabad,HYD_C2,17.45,78.38,142.57,14.86,0.12,-80.7,105
2025-12-05 21:45:00,Hyderabad,HYD_C2,17.45,78.38,136.89,27.97,0.293,-88.1,40
2025-12-05 21:45:30,Hyderabad,HYD_C2,17.45,78.38,144.34,19.84,0.323,-81.0,63
2025-12-05 21:46:00,Hyderabad,HYD_C2,17.45,78.38,157.62,22.54,0.315,-84.1,87
2025-12-05 21:46:30,Hyderabad,HYD_C2,17.45,78.38,164.09,30.31,0.236,-88.3,58
2025-12-05 21:47:00,Hyderabad,HYD_C2,17.45,78.38,170.6,24.07,0.282,-81.4,91
2025-12-05 21:47:30,Hyderabad,HYD_C2,17.45,78.38,169.03,20.67,0.222,-83.1,48
2025-12-05 21:48:00,Hyderabad,HYD_C2,17.45,78.38,175.35,13.8,0.267,-84.7,84
2025-12-05 21:48:30,Hyderabad,HYD_C2,17.45,78.38,162.12,23.48,0.233,-83.5,49
2025-12-05 21:49:00,Hyderabad,HYD_C2,17.45,78.38,168.93,19.51,0.141,-79.4,44
2025-12-05 21:49:30,Hyderabad,HYD_C2,17.45,78.38,136.5,24.31,0.241,-90.1,104
2025-12-05 21:50:00,Hyderabad,HYD_C2,17.45,78.38,166.67,22.59,0.167,-82.5,74
2025-12-05 21:50:30,Hyderabad,HYD_C2,17.45,78.38,171.7,20.31,0.264,-87.2,98
2025-12-05 21:51:00,Hyderabad,HYD_C2,17.45,78.38,170.04,23.47,0.218,-80.7,108
2025-12-05 21:51:30,Hyderabad,HYD_C2,17.45,78.38,161.37,22.01,0.174,-80.6,105
2025-12-05 21:52:00,Hyderabad,HYD_C2,17.45,78.38,149.71,20.46,0.289,-76.8,99
2025-12-05 21:52:30,Hyderabad,HYD_C2,17.45,78.38,171.22,23.48,0.172,-85.2,100
2025-12-05 21:53:00,Hyderabad,HYD_C2,17.45,78.38,157.62,27.2,0.311,-84.1,53
2025-12-05 21:53:30,Hyderabad,HYD_C2,17.45,78.38,138.39,20.45,0.304,-88.5,49
2025-12-05 21:54:00,Hyderabad,HYD_C2,17.45,78.38,151.59,23.73,0.24,-84.3,98
2025-12-05 21:54:30,Hyderabad,HYD_C2,17.45,78.38,132.86,22.93,0.185,-80.8,108
2025-12-05 21:55:00,Hyderabad,HYD_C2,17.45,78.38,157.42,13.9,0.139,-82.1,70
2025-12-05 21:55:30,Hyderabad,HYD_C2,17.45,78.38,160.3,24.3,0.287,-94.9,47
2025-12-05 21:56:00,Hyderabad,HYD_C2,17.45,78.38,155.67,16.39,0.242,-82.3,91
2025-12-05 21:56:30,Hyderabad,HYD_C2,17.45,78.38,173.86,21.26,0.235,-87.5,105
2025-12-05 21:57:00,Hyderabad,HYD_C2,17.45,78.38,182.65,18.14,0.267,-90.1,81
2025-12-05 21:57:31,Hyderabad,HYD_C2,17.45,78.38,144.89,20.38,0.176,-86.8,99
2025-12-05 21:58:01,Hyderabad,HYD_C2,17.45,78.38,150.71,21.11,0.273,-87.3,87
2025-12-05 21:58:31,Hyderabad,HYD_C2,17.45,78.38,160.1,14.21,0.267,-91.2,69
2025-12-05 21:59:01,Hyderabad,HYD_C2,17.45,78.38,148.34,24.29,0.271,-84.9,71
2025-12-05 21:59:31,Hyderabad,HYD_C2,17.45,78.38,161.99,25.86,0.171,-79.9,97
2025-12-05 22:00:01,Hyderabad,HYD_C2,17.45,78.38,153.97,23.92,0.276,-93.2,103
2025-12-05 22:00:31,Hyderabad,HYD_C2,17.45,78.38,174.27,19.34,0.19,-89.7,61
2025-12-05 22:01:01,Hyderabad,HYD_C2,17.45,78.38,162.33,26.05,0.289,-87.3,87
2025-12-05 22:01:31,Hyderabad,HYD_C2,17.45,78.38,157.84,25.12,0.14,-88.4,78
2025-12-05 22:02:01,Hyderabad,HYD_C2,17.45,78.38,150.79,18.95,0.304,-85.6,104
2025-12-05 22:02:31,Hyderabad,HYD_C2,17.45,78.38,169.54,30.03,0.337,-78.7,41
2025-12-05 22:03:01,Hyderabad,HYD_C2,17.45,78.38,165.15,17.68,0.182,-88.0,54
2025-12-05 22:03:31,Hyderabad,HYD_C2,17.45,78.38,162.8,19.5,0.2,-83.9,81
2025-12-05 22:04:01,Hyderabad,HYD_C2,17.45,78.38,165.78,23.34,0.309,-84.3,105
2025-12-05 22:04:31,Hyderabad,HYD_C2,17.45,78.38,180.79,12.26,0.267,-84.8,94
2025-12-05 22:05:01,Hyderabad,HYD_C2,17.45,78.38,146.87,20.53,0.253,-88.7,68
2025-12-05 22:05:31,Hyderabad,HYD_C2,17.45,78.38,132.89,22.42,0.155,-76.5,107
2025-12-05 22:06:01,Hyderabad,HYD_C2,17.45,78.38,181.49,28.92,0.245,-82.6,73
2025-12-05 22:06:31,Hyderabad,HYD_C2,17.45,78.38,165.89,23.32,0.246,-84.3,103
2025-12-05 22:07:01,Hyderabad,HYD_C2,17.45,78.38,159.29,18.9,0.231,-86.0,70
2025-12-05 22:07:31,Hyderabad,HYD_C2,17.45,78.38,156.42,24.84,0.188,-86.5,95
2025-12-05 22:08:01,Hyderabad,HYD_C2,17.45,78.38,147.68,26.7,0.38,-79.0,76
2025-12-05 22:08:31,Hyderabad,HYD_C2,17.45,78.38,151.38,25.13,0.3,-81.9,104
2025-12-05 22:09:01,Hyderabad,HYD_C2,17.45,78.38,154.11,17.48,0.241,-89.3,71
2025-12-05 22:09:31,Hyderabad,HYD_C2,17.45,78.38,162.37,22.17,0.3,-90.0,104
2025-12-05 22:10:01,Hyderabad,HYD_C2,17.45,78.38,146.68,15.27,0.249,-81.1,58
2025-12-05 22:10:31,Hyderabad,HYD_C2,17.45,78.38,173.82,17.28,0.26,-83.1,55
2025-12-05 22:11:01,Hyderabad,HYD_C2,17.45,78.38,151.76,24.14,0.309,-84.5,73
2025-12-05 22:11:31,Hyderabad,HYD_C2,17.45,78.38,166.64,23.68,0.291,-80.0,94
2025-12-05 22:12:01,Hyderabad,HYD_C2,17.45,78.38,168.86,20.86,0.251,-86.7,54
2025-12-05 22:12:31,Hyderabad,HYD_C2,17.45,78.38,147.39,28.34,0.207,-90.9,83
2025-12-05 22:13:01,Hyderabad,HYD_C2,17.45,78.38,171.08,17.32,0.255,-87.1,61
2025-12-05 22:13:31,Hyderabad,HYD_C2,17.45,78.38,152.05,23.16,0.231,-82.8,89
2025-12-05 22:14:01,Hyderabad,HYD_C2,17.45,78.38,140.97,18.18,0.217,-88.1,88
2025-12-05 22:14:31,Hyderabad,HYD_C2,17.45,78.38,148.89,20.95,0.208,-80.1,100
2025-12-05 22:15:01,Hyderabad,HYD_C2,17.45,78.38,148.96,15.04,0.147,-85.1,103
2025-12-05 22:15:31,Hyderabad,HYD_C2,17.45,78.38,146.46,18.33,0.164,-82.3,108
2025-12-05 22:16:01,Hyderabad,HYD_C2,17.45,78.38,147.45,22.61,0.397,-91.4,57
2025-12-05 22:16:31,Hyderabad,HYD_C2,17.45,78.38,169.5,19.71,0.205,-78.4,47
2025-12-05 22:17:01,Hyderabad,HYD_C2,17.45,78.38,159.42,20.98,0.21,-86.8,106
2025-12-05 22:17:31,Hyderabad,HYD_C2,17.45,78.38,171.91,23.8,0.237,-83.3,64
2025-12-05 22:18:01,Hyderabad,HYD_C2,17.45,78.38,143.62,22.75,0.126,-83.8,43
2025-12-05 22:18:31,Hyderabad,HYD_C2,17.45,78.38,145.15,20.45,0.355,-80.8,55
2025-12-05 22:19:01,Hyderabad,HYD_C2,17.45,78.38,143.53,17.55,0.177,-82.3,78
2025-12-05 22:19:31,Hyderabad,HYD_C2,17.45,78.38,161.69,21.53,0.17,-91.3,52
2025-12-05 22:20:01,Hyderabad,HYD_C2,17.45,78.38,161.43,26.76,0.27,-86.4,102
2025-12-05 22:20:31,Hyderabad,HYD_C2,17.45,78.38,158.32,24.43,0.267,-90.7,93
2025-12-05 22:21:01,Hyderabad,HYD_C2,17.45,78.38,145.64,12.28,0.224,-85.3,83
2025-12-05 22:21:31,Hyderabad,HYD_C2,17.45,78.38,156.38,20.28,0.273,-77.1,109
2025-12-05 22:22:01,Hyderabad,HYD_C2,17.45,78.38,178.14,21.38,0.212,-84.3,97
2025-12-05 22:22:31,Hyderabad,HYD_C2,17.45,78.38,166.49,20.61,0.126,-83.4,97
2025-12-05 22:23:01,Hyderabad,HYD_C2,17.45,78.38,162.18,25.72,0.237,-83.1,63
2025-12-05 22:23:31,Hyderabad,HYD_C2,17.45,78.38,179.59,18.29,0.235,-87.1,65
2025-12-05 22:24:01,Hyderabad,HYD_C2,17.45,78.38,169.11,17.55,0.359,-85.2,86
2025-12-05 22:24:31,Hyderabad,HYD_C2,17.45,78.38,162.86,29.04,0.207,-87.3,70
2025-12-05 22:25:01,Hyderabad,HYD_C2,17.45,78.38,152.9,26.44,0.327,-86.9,71
2025-12-05 22:25:31,Hyderabad,HYD_C2,17.45,78.38,156.0,17.54,0.201,-89.7,95
2025-12-05 22:26:01,Hyderabad,HYD_C2,17.45,78.38,179.29,28.02,0.158,-92.4,50
2025-12-05 22:26:31,Hyderabad,HYD_C2,17.45,78.38,165.25,20.86,0.183,-84.0,77
2025-12-05 22:27:01,Hyderabad,HYD_C2,17.45,78.38,170.01,14.33,0.24,-83.9,105
2025-12-05 22:27:31,Hyderabad,HYD_C2,17.45,78.38,152.66,18.45,0.249,-84.7,109
2025-12-05 22:28:01,Hyderabad,HYD_C2,17.45,78.38,180.71,22.69,0.139,-83.7,82
2025-12-05 22:28:31,Hyderabad,HYD_C2,17.45,78.38,168.52,22.22,0.274,-84.3,76
2025-12-05 22:29:01,Hyderabad,HYD_C2,17.45,78.38,148.14,24.13,0.089,-85.5,59
2025-12-05 22:29:31,Hyderabad,HYD_C2,17.45,78.38,147.18,20.55,0.333,-90.6,50
2025-12-05 22:30:01,Hyderabad,HYD_C2,17.45,78.38,164.3,13.49,0.12,-81.7,84
2025-12-05 22:30:31,Hyderabad,HYD_C2,17.45,78.38,145.15,24.62,0.277,-89.2,41
2025-12-05 22:31:01,Hyderabad,HYD_C2,17.45,78.38,149.94,26.72,0.31,-85.1,58
2025-12-05 22:31:31,Hyderabad,HYD_C2,17.45,78.38,172.81,19.38,0.304,-77.9,58
2025-12-05 22:32:01,Hyderabad,HYD_C2,17.45,78.38,169.55,12.3,0.381,-84.7,88
2025-12-05 22:32:31,Hyderabad,HYD_C2,17.45,78.38,148.35,19.25,0.336,-80.2,86
2025-12-05 22:33:01,Hyderabad,HYD_C2,17.45,78.38,148.33,23.86,0.314,-81.2,49
2025-12-05 22:33:31,Hyderabad,HYD_C2,17.45,78.38,133.93,21.7,0.308,-86.7,97
2025-12-05 22:34:01,Hyderabad,HYD_C2,17.45,78.38,152.11,26.16,0.274,-83.4,108
2025-12-05 22:34:31,Hyderabad,HYD_C2,17.45,78.38,161.94,27.23,0.21,-92.2,69
2025-12-05 22:35:01,Hyderabad,HYD_C2,17.45,78.38,149.44,15.13,0.291,-82.3,69
2025-12-05 22:35:31,Hyderabad,HYD_C2,17.45,78.38,172.95,18.91,0.21,-76.5,93
2025-12-05 22:36:01,Hyderabad,HYD_C2,17.45,78.38,162.03,18.66,0.353,-82.1,54
2025-12-05 22:36:31,Hyderabad,HYD_C2,17.45,78.38,145.0,15.55,0.206,-80.8,93
2025-12-05 22:37:01,Hyderabad,HYD_C2,17.45,78.38,170.89,26.36,0.203,-81.8,51
2025-12-05 22:37:31,Hyderabad,HYD_C2,17.45,78.38,163.38,23.51,0.269,-85.2,41
2025-12-05 22:38:01,Hyderabad,HYD_C2,17.45,78.38,130.09,25.49,0.264,-79.3,40
2025-12-05 22:38:31,Hyderabad,HYD_C2,17.45,78.38,154.16,23.91,0.359,-77.9,54
2025-12-05 22:39:01,Hyderabad,HYD_C2,17.45,78.38,149.18,13.38,0.37,-74.9,96
2025-12-05 22:39:31,Hyderabad,HYD_C2,17.45,78.38,142.15,13.62,0.241,-86.7,84
2025-12-05 22:40:01,Hyderabad,HYD_C2,17.45,78.38,124.55,19.91,0.189,-83.6,56
2025-12-05 22:40:31,Hyderabad,HYD_C2,17.45,78.38,167.61,23.63,0.123,-83.7,107
2025-12-05 22:41:01,Hyderabad,HYD_C2,17.45,78.38,169.41,25.44,0.273,-83.7,55
2025-12-05 22:41:31,Hyderabad,HYD_C2,17.45,78.38,172.37,24.29,0.245,-83.5,71
2025-12-05 22:42:01,Hyderabad,HYD_C2,17.45,78.38,161.6,14.4,0.213,-85.4,80
2025-12-05 22:42:31,Hyderabad,HYD_C2,17.45,78.38,145.71,17.59,0.213,-84.3,40
2025-12-05 22:43:01,Hyderabad,HYD_C2,17.45,78.38,148.57,27.7,0.166,-85.7,48
2025-12-05 22:43:31,Hyderabad,HYD_C2,17.45,78.38,150.01,18.3,0.375,-81.8,53
2025-12-05 22:44:01,Hyderabad,HYD_C2,17.45,78.38,169.88,21.36,0.335,-87.7,60
2025-12-05 22:44:31,Hyderabad,HYD_C2,17.45,78.38,150.15,20.36,0.247,-86.4,108
2025-12-05 22:45:01,Hyderabad,HYD_C2,17.45,78.38,172.82,24.4,0.208,-87.0,109
2025-12-05 22:45:31,Hyderabad,HYD_C2,17.45,78.38,162.3,30.53,0.267,-87.8,60
2025-12-05 22:46:01,Hyderabad,HYD_C2,17.45,78.38,152.09,19.56,0.287,-83.7,83
2025-12-05 22:46:31,Hyderabad,HYD_C2,17.45,78.38,180.98,25.83,0.215,-84.3,77
2025-12-05 22:47:01,Hyderabad,HYD_C2,17.45,78.38,139.82,27.26,0.183,-86.3,99
2025-12-05 22:47:31,Hyderabad,HYD_C2,17.45,78.38,176.36,16.23,0.095,-93.7,46
2025-12-05 22:48:01,Hyderabad,HYD_C2,17.45,78.38,164.16,23.5,0.294,-86.2,95
2025-12-05 22:48:31,Hyderabad,HYD_C2,17.45,78.38,141.64,16.98,0.246,-87.8,55
2025-12-05 22:49:01,Hyderabad,HYD_C2,17.45,78.38,161.44,28.68,0.261,-76.4,85
2025-12-05 22:49:31,Hyderabad,HYD_C2,17.45,78.38,171.27,18.48,0.28,-82.8,83
2025-12-05 22:50:01,Hyderabad,HYD_C2,17.45,78.38,178.61,22.52,0.357,-82.7,61
2025-12-05 22:50:31,Hyderabad,HYD_C2,17.45,78.38,170.9,22.68,0.236,-81.1,101
2025-12-05 22:51:01,Hyderabad,HYD_C2,17.45,78.38,152.21,22.47,0.282,-87.6,63
2025-12-05 22:51:31,Hyderabad,HYD_C2,17.45,78.38,175.57,18.83,0.216,-85.0,80
2025-12-05 22:52:01,Hyderabad,HYD_C2,17.45,78.38,173.72,26.15,0.31,-86.3,47
2025-12-05 22:52:31,Hyderabad,HYD_C2,17.45,78.38,169.21,22.39,0.164,-89.8,62
2025-12-05 22:53:01,Hyderabad,HYD_C2,17.45,78.38,158.97,22.45,0.173,-89.0,75
2025-12-05 22:53:31,Hyderabad,HYD_C2,17.45,78.38,168.69,21.95,0.403,-80.9,92
2025-12-05 22:54:01,Hyderabad,HYD_C2,17.45,78.38,139.32,23.25,0.213,-88.9,75
2025-12-05 22:54:31,Hyderabad,HYD_C2,17.45,78.38,165.16,19.13,0.317,-85.7,52
2025-12-05 22:55:01,Hyderabad,HYD_C2,17.45,78.38,149.39,20.05,0.265,-81.5,92
2025-12-05 22:55:31,Hyderabad,HYD_C2,17.45,78.38,140.93,19.63,0.211,-82.5,106
2025-12-05 22:56:01,Hyderabad,HYD_C2,17.45,78.38,198.59,18.5,0.287,-83.4,58
2025-12-05 22:56:31,Hyderabad,HYD_C2,17.45,78.38,149.78,21.2,0.16,-89.5,47
2025-12-05 22:57:01,Hyderabad,HYD_C2,17.45,78.38,184.35,14.92,0.213,-85.6,49
2025-12-05 22:57:31,Hyderabad,HYD_C2,17.45,78.38,171.23,26.38,0.379,-83.3,60
2025-12-05 22:58:01,Hyderabad,HYD_C2,17.45,78.38,152.81,29.0,0.14,-79.7,62
2025-12-05 22:58:31,Hyderabad,HYD_C2,17.45,78.38,136.96,16.81,0.194,-85.3,108
2025-12-05 22:59:01,Hyderabad,HYD_C2,17.45,78.38,147.99,17.19,0.157,-91.5,65
2025-12-05 22:59:31,Hyderabad,HYD_C2,17.45,78.38,173.7,19.89,0.074,-85.2,67
2025-12-05 23:00:01,Hyderabad,HYD_C2,17.45,78.38,151.14,19.84,0.225,-88.8,42
2025-12-05 23:00:31,Hyderabad,HYD_C2,17.45,78.38,150.33,25.14,0.307,-82.4,83
2025-12-05 23:01:01,Hyderabad,HYD_C2,17.45,78.38,156.29,21.23,0.318,-85.6,65
2025-12-05 23:01:31,Hyderabad,HYD_C2,17.45,78.38,156.35,21.13,0.228,-84.1,41
2025-12-05 23:02:01,Hyderabad,HYD_C2,17.45,78.38,160.85,29.72,0.302,-87.6,79
2025-12-05 23:02:31,Hyderabad,HYD_C2,17.45,78.38,158.17,13.64,0.253,-81.4,107
2025-12-05 23:03:01,Hyderabad,HYD_C2,17.45,78.38,162.62,28.84,0.249,-86.8,108
2025-12-05 23:03:31,Hyderabad,HYD_C2,17.45,78.38,147.45,18.01,0.286,-79.6,100
2025-12-05 23:04:01,Hyderabad,HYD_C2,17.45,78.38,170.55,22.16,0.186,-86.8,63
2025-12-05 23:04:31,Hyderabad,HYD_C2,17.45,78.38,165.7,22.21,0.201,-85.4,102
2025-12-05 23:05:01,Hyderabad,HYD_C2,17.45,78.38,158.99,21.5,0.244,-78.7,44
2025-12-05 23:05:31,Hyderabad,HYD_C2,17.45,78.38,146.74,24.67,0.206,-83.9,75
2025-12-05 23:06:01,Hyderabad,HYD_C2,17.45,78.38,163.59,24.45,0.236,-87.9,62
2025-12-05 23:06:31,Hyderabad,HYD_C2,17.45,78.38,176.95,20.12,0.366,-88.5,62
2025-12-05 23:07:01,Hyderabad,HYD_C2,17.45,78.38,160.82,21.89,0.187,-78.6,74
2025-12-05 23:07:31,Hyderabad,HYD_C2,17.45,78.38,157.52,27.87,0.311,-81.7,67
2025-12-05 23:08:01,Hyderabad,HYD_C2,17.45,78.38,162.55,23.34,0.355,-95.0,74
2025-12-05 23:08:31,Hyderabad,HYD_C2,17.45,78.38,168.77,20.36,0.199,-93.1,86
2025-12-05 23:09:01,Hyderabad,HYD_C2,17.45,78.38,168.58,20.37,0.227,-84.2,92
2025-12-05 23:09:31,Hyderabad,HYD_C2,17.45,78.38,159.26,18.19,0.229,-83.2,48
2025-12-05 23:10:01,Hyderabad,HYD_C2,17.45,78.38,158.95,18.2,0.178,-91.5,72
2025-12-05 23:10:31,Hyderabad,HYD_C2,17.45,78.38,156.47,24.2,0.272,-85.7,100
2025-12-05 23:11:01,Hyderabad,HYD_C2,17.45,78.38,154.81,24.1,0.253,-90.5,44
2025-12-05 23:11:31,Hyderabad,HYD_C2,17.45,78.38,153.38,19.75,0.311,-85.3,98
2025-12-05 23:12:01,Hyderabad,HYD_C2,17.45,78.38,181.09,20.37,0.25,-87.6,64
2025-12-05 23:12:31,Hyderabad,HYD_C2,17.45,78.38,167.6,27.85,0.264,-89.4,58
2025-12-05 23:13:01,Hyderabad,HYD_C2,17.45,78.38,155.0,20.44,0.258,-89.3,81
2025-12-05 23:13:31,Hyderabad,HYD_C2,17.45,78.38,148.59,17.28,0.202,-86.6,88
2025-12-05 23:14:01,Hyderabad,HYD_C2,17.45,78.38,163.5,24.49,0.318,-84.3,107
2025-12-05 23:14:31,Hyderabad,HYD_C2,17.45,78.38,172.41,21.24,0.259,-83.8,92
2025-12-05 23:15:01,Hyderabad,HYD_C2,17.45,78.38,164.14,18.27,0.335,-81.8,78
2025-12-05 23:15:31,Hyderabad,HYD_C2,17.45,78.38,172.96,26.98,0.212,-85.7,81
2025-12-05 23:16:01,Hyderabad,HYD_C2,17.45,78.38,143.66,24.68,0.325,-89.1,61
2025-12-05 23:16:31,Hyderabad,HYD_C2,17.45,78.38,156.36,19.91,0.15,-82.9,95
2025-12-05 23:17:01,Hyderabad,HYD_C2,17.45,78.38,149.42,25.94,0.164,-87.0,81
2025-12-05 23:17:31,Hyderabad,HYD_C2,17.45,78.38,155.85,21.7,0.313,-85.5,54
2025-12-05 23:18:01,Hyderabad,HYD_C2,17.45,78.38,163.42,20.35,0.207,-94.3,91
2025-12-05 23:18:31,Hyderabad,HYD_C2,17.45,78.38,141.49,25.54,0.282,-83.9,106
2025-12-05 23:19:01,Hyderabad,HYD_C2,17.45,78.38,144.16,26.48,0.198,-89.9,56
2025-12-05 23:19:31,Hyderabad,HYD_C2,17.45,78.38,173.94,26.24,0.144,-86.7,84
2025-12-05 23:20:01,Hyderabad,HYD_C2,17.45,78.38,158.4,21.81,0.384,-88.3,60
2025-12-05 23:20:31,Hyderabad,HYD_C2,17.45,78.38,159.01,25.77,0.186,-86.3,41
2025-12-05 23:21:01,Hyderabad,HYD_C2,17.45,78.38,160.45,19.08,0.178,-83.1,47
2025-12-05 23:21:31,Hyderabad,HYD_C2,17.45,78.38,178.1,19.08,0.215,-74.1,74
2025-12-05 23:22:01,Hyderabad,HYD_C2,17.45,78.38,153.76,22.75,0.144,-88.0,102
2025-12-05 23:22:31,Hyderabad,HYD_C2,17.45,78.38,161.43,20.1,0.204,-83.7,73
2025-12-05 23:23:01,Hyderabad,HYD_C2,17.45,78.38,154.74,27.02,0.397,-87.4,48
2025-12-05 23:23:31,Hyderabad,HYD_C2,17.45,78.38,158.22,18.22,0.313,-92.1,57
2025-12-05 23:24:01,Hyderabad,HYD_C2,17.45,78.38,171.66,23.93,0.21,-86.3,71
2025-12-05 23:24:31,Hyderabad,HYD_C2,17.45,78.38,160.73,22.6,0.395,-85.8,106
2025-12-05 23:25:01,Hyderabad,HYD_C2,17.45,78.38,154.1,20.35,0.393,-79.6,71
2025-12-05 23:25:31,Hyderabad,HYD_C2,17.45,78.38,161.42,21.3,0.382,-82.2,81
2025-12-05 23:26:01,Hyderabad,HYD_C2,17.45,78.38,185.53,14.62,0.197,-77.4,101
2025-12-05 23:26:31,Hyderabad,HYD_C2,17.45,78.38,172.18,13.67,0.168,-87.1,96
2025-12-05 23:27:01,Hyderabad,HYD_C2,17.45,78.38,172.63,26.63,0.256,-76.8,86
2025-12-05 23:27:31,Hyderabad,HYD_C2,17.45,78.38,159.27,18.37,0.397,-86.9,68
2025-12-05 23:28:01,Hyderabad,HYD_C2,17.45,78.38,145.0,24.41,0.125,-88.9,40
2025-12-05 23:28:31,Hyderabad,HYD_C2,17.45,78.38,157.74,20.35,0.203,-92.4,100
2025-12-05 23:29:01,Hyderabad,HYD_C2,17.45,78.38,174.48,22.54,0.26,-87.5,45
2025-12-05 23:29:31,Hyderabad,HYD_C2,17.45,78.38,155.62,23.76,0.231,-86.4,58
2025-12-05 23:30:01,Hyderabad,HYD_C2,17.45,78.38,156.28,25.27,0.301,-83.4,72
2025-12-05 23:30:31,Hyderabad,HYD_C2,17.45,78.38,175.96,25.75,0.337,-82.4,54
2025-12-05 23:31:01,Hyderabad,HYD_C2,17.45,78.38,171.15,18.47,0.291,-83.0,86
2025-12-05 23:31:31,Hyderabad,HYD_C2,17.45,78.38,138.02,18.4,0.24,-85.8,60
2025-12-05 23:32:01,Hyderabad,HYD_C2,17.45,78.38,140.49,23.05,0.263,-85.3,42
2025-12-05 23:32:31,Hyderabad,HYD_C2,17.45,78.38,174.28,27.82,0.123,-90.7,73
2025-12-05 23:33:01,Hyderabad,HYD_C2,17.45,78.38,165.54,27.81,0.306,-84.6,59
2025-12-05 23:33:31,Hyderabad,HYD_C2,17.45,78.38,157.21,26.13,0.316,-91.7,95
2025-12-05 23:34:01,Hyderabad,HYD_C2,17.45,78.38,169.53,27.3,0.298,-82.8,88
2025-12-05 23:34:31,Hyderabad,HYD_C2,17.45,78.38,164.83,21.52,0.239,-81.3,99
2025-12-05 23:35:01,Hyderabad,HYD_C2,17.45,78.38,169.0,19.48,0.122,-83.4,75
2025-12-05 23:35:31,Hyderabad,HYD_C2,17.45,78.38,187.81,17.66,0.34,-84.8,64
2025-12-05 23:36:01,Hyderabad,HYD_C2,17.45,78.38,163.07,22.36,0.134,-86.7,84
2025-12-05 23:36:31,Hyderabad,HYD_C2,17.45,78.38,160.37,29.48,0.182,-74.8,90
2025-12-05 23:37:01,Hyderabad,HYD_C2,17.45,78.38,146.76,22.99,0.177,-87.8,55
2025-12-05 23:37:31,Hyderabad,HYD_C2,17.45,78.38,151.02,20.35,0.191,-85.6,82
2025-12-05 23:38:01,Hyderabad,HYD_C2,17.45,78.38,144.92,18.89,0.224,-86.0,98
2025-12-05 23:38:31,Hyderabad,HYD_C2,17.45,78.38,171.5,16.87,0.307,-87.3,109
2025-12-05 23:39:01,Hyderabad,HYD_C2,17.45,78.38,166.64,19.43,0.196,-87.4,109
2025-12-05 23:39:31,Hyderabad,HYD_C2,17.45,78.38,170.51,22.71,0.207,-84.3,80
2025-12-05 23:40:01,Hyderabad,HYD_C2,17.45,78.38,153.35,23.34,0.286,-91.6,89
2025-12-05 23:40:31,Hyderabad,HYD_C2,17.45,78.38,155.7,19.48,0.307,-82.5,108
2025-12-05 23:41:01,Hyderabad,HYD_C2,17.45,78.38,152.58,18.6,0.338,-74.1,90
2025-12-05 23:41:31,Hyderabad,HYD_C2,17.45,78.38,154.17,23.71,0.258,-75.4,108
2025-12-05 23:42:01,Hyderabad,HYD_C2,17.45,78.38,146.12,24.95,0.394,-88.4,60
2025-12-05 23:42:31,Hyderabad,HYD_C2,17.45,78.38,184.38,16.29,0.31,-85.0,86
2025-12-05 23:43:01,Hyderabad,HYD_C2,17.45,78.38,172.34,20.87,0.274,-84.4,45
2025-12-05 23:43:31,Hyderabad,HYD_C2,17.45,78.38,173.3,19.94,0.177,-82.4,63
2025-12-05 23:44:01,Hyderabad,HYD_C2,17.45,78.38,165.62,27.13,0.218,-89.8,68
2025-12-05 23:44:31,Hyderabad,HYD_C2,17.45,78.38,167.88,21.01,0.154,-85.3,68
2025-12-05 23:45:02,Hyderabad,HYD_C2,17.45,78.38,158.77,26.88,0.254,-84.5,78
2025-12-05 23:45:32,Hyderabad,HYD_C2,17.45,78.38,141.88,28.21,0.362,-84.7,78
2025-12-05 23:46:02,Hyderabad,HYD_C2,17.45,78.38,172.82,25.65,0.388,-86.7,76
2025-12-05 23:46:32,Hyderabad,HYD_C2,17.45,78.38,172.93,22.48,0.302,-81.0,89
2025-12-05 23:47:02,Hyderabad,HYD_C2,17.45,78.38,161.0,23.69,0.313,-79.8,55
2025-12-05 23:47:32,Hyderabad,HYD_C2,17.45,78.38,165.74,22.13,0.277,-85.5,76
2025-12-05 23:48:02,Hyderabad,HYD_C2,17.45,78.38,174.32,18.37,0.265,-82.4,65
2025-12-05 23:48:32,Hyderabad,HYD_C2,17.45,78.38,150.18,25.8,0.256,-79.1,94
2025-12-05 23:49:02,Hyderabad,HYD_C2,17.45,78.38,174.74,16.1,0.084,-84.7,89
2025-12-05 23:49:32,Hyderabad,HYD_C2,17.45,78.38,170.68,23.15,0.374,-86.0,57
2025-12-05 23:50:02,Hyderabad,HYD_C2,17.45,78.38,145.8,18.43,0.356,-86.1,74
2025-12-05 23:50:32,Hyderabad,HYD_C2,17.45,78.38,167.28,17.58,0.189,-88.9,80
